[{
  "_id": "med1",
  "Laboratoire": "Labo1",
  "Nom Labo": "Laboratoire international",
  "Code médicament": "Doliprane",
  "Nom médicament": "Paracétamol",
  "Substance médicament": "Paracétamol",
  "Prix médicament": 16
},{
  "_id": "med2",
  "Laboratoire": "Labo1",
  "Nom Labo": "Laboratoire international",
  "Code médicament": "Amoxil",
  "Nom médicament": "Amoxiline",
  "Substance médicament": "Amoxiline",
  "Prix médicament": 56
},{
  "_id": "med3",
  "Laboratoire": "Labo2",
  "Nom Labo": "Laboratoire marocain",
  "Code médicament": "Dolipédiatrique",
  "Nom médicament": "Paracétamol",
  "Substance médicament": "Paracétamol",
  "Prix médicament": 18
}]